{
  "skill_parameters": {
    "1": {
      "P_L0": 0.1676470588235294,
      "P_T": 0.99,
      "P_G": 0.5555555555555556,
      "P_S": 0.44
    },
    "15": {
      "P_L0": 0.16666666666666666,
      "P_T": 0.3076923076923077,
      "P_G": 0.4117647058823529,
      "P_S": 0.2
    },
    "22": {
      "P_L0": 0.132,
      "P_T": 0.99,
      "P_G": 0.3333333333333333,
      "P_S": 0.5263157894736842
    },
    "11": {
      "P_L0": 0.24230769230769228,
      "P_T": 0.99,
      "P_G": 0.8888888888888888,
      "P_S": 0.23529411764705882
    },
    "16": {
      "P_L0": 0.15,
      "P_T": 0.3333333333333333,
      "P_G": 0.3333333333333333,
      "P_S": 0.01
    },
    "5": {
      "P_L0": 0.12,
      "P_T": 0.25,
      "P_G": 0.21739130434782608,
      "P_S": 0.01
    },
    "21": {
      "P_L0": 0.15882352941176472,
      "P_T": 0.375,
      "P_G": 0.4166666666666667,
      "P_S": 0.2
    },
    "9": {
      "P_L0": 0.159375,
      "P_T": 0.99,
      "P_G": 0.625,
      "P_S": 0.5
    },
    "6": {
      "P_L0": 0.2111111111111111,
      "P_T": 0.99,
      "P_G": 0.4444444444444444,
      "P_S": 0.16666666666666666
    },
    "7": {
      "P_L0": 0.125,
      "P_T": 0.99,
      "P_G": 0.1111111111111111,
      "P_S": 0.4
    },
    "13": {
      "P_L0": 0.1909090909090909,
      "P_T": 0.4,
      "P_G": 0.5,
      "P_S": 0.125
    },
    "3": {
      "P_L0": 0.09230769230769231,
      "P_T": 0.058823529411764705,
      "P_G": 0.28,
      "P_S": 0.01
    },
    "10": {
      "P_L0": 0.15,
      "P_T": 0.99,
      "P_G": 0.42857142857142855,
      "P_S": 0.47368421052631576
    },
    "14": {
      "P_L0": 0.21562499999999998,
      "P_T": 0.99,
      "P_G": 0.3333333333333333,
      "P_S": 0.13043478260869565
    },
    "8": {
      "P_L0": 0.159375,
      "P_T": 0.99,
      "P_G": 0.375,
      "P_S": 0.4166666666666667
    },
    "18": {
      "P_L0": 0.15,
      "P_T": 0.3333333333333333,
      "P_G": 0.375,
      "P_S": 0.25
    },
    "12": {
      "P_L0": 0.16153846153846152,
      "P_T": 0.99,
      "P_G": 0.625,
      "P_S": 0.5
    },
    "4": {
      "P_L0": 0.168,
      "P_T": 0.99,
      "P_G": 0.4444444444444444,
      "P_S": 0.375
    },
    "25": {
      "P_L0": 0.15,
      "P_T": 0.01,
      "P_G": 0.5,
      "P_S": 0.1
    },
    "23": {
      "P_L0": 0.21,
      "P_T": 0.99,
      "P_G": 0.7142857142857143,
      "P_S": 0.3076923076923077
    },
    "19": {
      "P_L0": 0.08999999999999998,
      "P_T": 0.01,
      "P_G": 0.3,
      "P_S": 0.1
    },
    "2": {
      "P_L0": 0.156,
      "P_T": 0.99,
      "P_G": 0.2222222222222222,
      "P_S": 0.3125
    },
    "24": {
      "P_L0": 0.20869565217391298,
      "P_T": 0.99,
      "P_G": 0.42857142857142855,
      "P_S": 0.1875
    },
    "17": {
      "P_L0": 0.23333333333333334,
      "P_T": 0.99,
      "P_G": 0.99,
      "P_S": 0.5
    },
    "20": {
      "P_L0": 0.19999999999999998,
      "P_T": 0.3333333333333333,
      "P_G": 0.6,
      "P_S": 0.01
    }
  },
  "student_states": {},
  "skills_graph": null,
  "metadata": {
    "is_trained": true,
    "training_data_size": 580
  }
}