{
  "skill_parameters": {
    "7": {
      "P_L0": 0.1875,
      "P_T": 0.99,
      "P_G": 0.375,
      "P_S": 0.2916666666666667
    },
    "1": {
      "P_L0": 0.20769230769230765,
      "P_T": 0.99,
      "P_G": 0.5714285714285714,
      "P_S": 0.2631578947368421
    },
    "8": {
      "P_L0": 0.13125,
      "P_T": 0.2857142857142857,
      "P_G": 0.2916666666666667,
      "P_S": 0.125
    },
    "13": {
      "P_L0": 0.1714285714285714,
      "P_T": 0.99,
      "P_G": 0.3333333333333333,
      "P_S": 0.3333333333333333
    },
    "6": {
      "P_L0": 0.17419354838709677,
      "P_T": 0.99,
      "P_G": 0.625,
      "P_S": 0.43478260869565216
    },
    "10": {
      "P_L0": 0.140625,
      "P_T": 0.99,
      "P_G": 0.25,
      "P_S": 0.4583333333333333
    },
    "5": {
      "P_L0": 0.19354838709677422,
      "P_T": 0.99,
      "P_G": 0.5714285714285714,
      "P_S": 0.3333333333333333
    },
    "11": {
      "P_L0": 0.16071428571428573,
      "P_T": 0.99,
      "P_G": 0.2857142857142857,
      "P_S": 0.38095238095238093
    },
    "12": {
      "P_L0": 0.18857142857142856,
      "P_T": 0.99,
      "P_G": 0.625,
      "P_S": 0.37037037037037035
    },
    "3": {
      "P_L0": 0.1935483870967742,
      "P_T": 0.3333333333333333,
      "P_G": 0.3888888888888889,
      "P_S": 0.01
    },
    "18": {
      "P_L0": 0.2357142857142857,
      "P_T": 0.99,
      "P_G": 0.8,
      "P_S": 0.2222222222222222
    },
    "20": {
      "P_L0": 0.16153846153846155,
      "P_T": 0.99,
      "P_G": 0.2857142857142857,
      "P_S": 0.3684210526315789
    },
    "16": {
      "P_L0": 0.1909090909090909,
      "P_T": 0.4,
      "P_G": 0.5555555555555556,
      "P_S": 0.01
    },
    "15": {
      "P_L0": 0.15,
      "P_T": 0.99,
      "P_G": 0.375,
      "P_S": 0.45
    },
    "17": {
      "P_L0": 0.11052631578947367,
      "P_T": 0.08333333333333333,
      "P_G": 0.3125,
      "P_S": 0.3333333333333333
    },
    "9": {
      "P_L0": 0.1411764705882353,
      "P_T": 0.99,
      "P_G": 0.25,
      "P_S": 0.46153846153846156
    },
    "2": {
      "P_L0": 0.1783783783783784,
      "P_T": 0.99,
      "P_G": 0.375,
      "P_S": 0.3448275862068966
    },
    "4": {
      "P_L0": 0.16451612903225804,
      "P_T": 0.99,
      "P_G": 0.25,
      "P_S": 0.34782608695652173
    },
    "14": {
      "P_L0": 0.18,
      "P_T": 0.99,
      "P_G": 0.5,
      "P_S": 0.37037037037037035
    },
    "19": {
      "P_L0": 0.14285714285714282,
      "P_T": 0.99,
      "P_G": 0.5,
      "P_S": 0.5333333333333333
    },
    "25": {
      "P_L0": 0.15,
      "P_T": 0.375,
      "P_G": 0.36363636363636365,
      "P_S": 0.2
    },
    "23": {
      "P_L0": 0.12352941176470587,
      "P_T": 0.375,
      "P_G": 0.36363636363636365,
      "P_S": 0.5
    },
    "24": {
      "P_L0": 0.10714285714285714,
      "P_T": 0.1111111111111111,
      "P_G": 0.3076923076923077,
      "P_S": 0.01
    },
    "21": {
      "P_L0": 0.15,
      "P_T": 0.99,
      "P_G": 0.4,
      "P_S": 0.42857142857142855
    },
    "22": {
      "P_L0": 0.13846153846153847,
      "P_T": 0.99,
      "P_G": 0.4,
      "P_S": 0.5
    }
  },
  "student_states": {},
  "skills_graph": null,
  "metadata": {
    "is_trained": true,
    "training_data_size": 627
  }
}