{
  "loss": [
    0.6819589731370885,
    0.6812769326745081,
    0.681123912575026,
    0.6805464958717556,
    0.6799335280202111
  ],
  "accuracy": [
    0.5666734993141073,
    0.5705208054114568,
    0.5683291023478028,
    0.5679822140931238,
    0.570410431875877
  ],
  "val_loss": [
    0.6781986828146618,
    0.6772142232233027,
    0.6789684478730696,
    0.6754280591486207,
    0.6775887144548253
  ],
  "val_accuracy": [
    0.5749376741457691,
    0.5783839272620619,
    0.5755975949552721,
    0.5774307083150022,
    0.5764041648335533
  ],
  "learning_rate": [
    0.001,
    0.001,
    0.001,
    0.001,
    0.001
  ]
}