{
  "training": {
    "1": {
      "parameters": {
        "P_L0": 0.17791612057667103,
        "P_T": 0.99,
        "P_G": 0.43125,
        "P_S": 0.40108646446355817
      },
      "iterations": 4,
      "accuracy": 0.5978593272171254,
      "log_likelihood": -0.6738378904908863,
      "data_points": 4578
    },
    "2": {
      "parameters": {
        "P_L0": 0.18040629095674968,
        "P_T": 0.99,
        "P_G": 0.44375,
        "P_S": 0.3929379809868719
      },
      "iterations": 4,
      "accuracy": 0.6052861511577108,
      "log_likelihood": -0.6706479855921519,
      "data_points": 4578
    },
    "3": {
      "parameters": {
        "P_L0": 0.1803486870426174,
        "P_T": 0.99,
        "P_G": 0.5,
        "P_S": 0.3952296032099866
      },
      "iterations": 3,
      "accuracy": 0.6011622901420577,
      "log_likelihood": -0.6718004149010425,
      "data_points": 4646
    },
    "4": {
      "parameters": {
        "P_L0": 0.17286804798255176,
        "P_T": 0.99,
        "P_G": 0.46875,
        "P_S": 0.41988700564971754
      },
      "iterations": 4,
      "accuracy": 0.5784078516902944,
      "log_likelihood": -0.6806484865231266,
      "data_points": 4585
    },
    "5": {
      "parameters": {
        "P_L0": 0.17710531983631264,
        "P_T": 0.99,
        "P_G": 0.4375,
        "P_S": 0.40419362034351997
      },
      "iterations": 4,
      "accuracy": 0.5946586258884342,
      "log_likelihood": -0.6750742768279384,
      "data_points": 4643
    },
    "6": {
      "parameters": {
        "P_L0": 0.17652265542676496,
        "P_T": 0.99,
        "P_G": 0.4625,
        "P_S": 0.40719738276990186
      },
      "iterations": 4,
      "accuracy": 0.5909378292939936,
      "log_likelihood": -0.6763285203542952,
      "data_points": 4745
    },
    "7": {
      "parameters": {
        "P_L0": 0.17819402338674759,
        "P_T": 0.99,
        "P_G": 0.44375,
        "P_S": 0.4006280843427546
      },
      "iterations": 4,
      "accuracy": 0.5978778692074491,
      "log_likelihood": -0.6737558499496581,
      "data_points": 4618
    },
    "8": {
      "parameters": {
        "P_L0": 0.17734842015371474,
        "P_T": 0.99,
        "P_G": 0.425,
        "P_S": 0.40296198054818744
      },
      "iterations": 4,
      "accuracy": 0.5962852263023057,
      "log_likelihood": -0.6744857041282986,
      "data_points": 4684
    },
    "9": {
      "parameters": {
        "P_L0": 0.17535345009495673,
        "P_T": 0.99,
        "P_G": 0.475,
        "P_S": 0.4116619349202883
      },
      "iterations": 3,
      "accuracy": 0.5861996201730323,
      "log_likelihood": -0.6779528691684505,
      "data_points": 4739
    },
    "10": {
      "parameters": {
        "P_L0": 0.17719033232628398,
        "P_T": 0.99,
        "P_G": 0.425,
        "P_S": 0.4034421099687081
      },
      "iterations": 4,
      "accuracy": 0.5958135520069054,
      "log_likelihood": -0.6746996400023539,
      "data_points": 4634
    },
    "11": {
      "parameters": {
        "P_L0": 0.17898061424526238,
        "P_T": 0.99,
        "P_G": 0.4,
        "P_S": 0.39629880388174227
      },
      "iterations": 4,
      "accuracy": 0.6035722064909605,
      "log_likelihood": -0.6716048460382483,
      "data_points": 4591
    },
    "12": {
      "parameters": {
        "P_L0": 0.17715768981181054,
        "P_T": 0.99,
        "P_G": 0.41875,
        "P_S": 0.40331615505265517
      },
      "iterations": 4,
      "accuracy": 0.5961496863508544,
      "log_likelihood": -0.6745690031499983,
      "data_points": 4623
    },
    "13": {
      "parameters": {
        "P_L0": 0.17662877131613472,
        "P_T": 0.99,
        "P_G": 0.38125,
        "P_S": 0.40371545083824195
      },
      "iterations": 4,
      "accuracy": 0.5970703979011805,
      "log_likelihood": -0.6742303213130888,
      "data_points": 4574
    },
    "14": {
      "parameters": {
        "P_L0": 0.1752648648648649,
        "P_T": 0.99,
        "P_G": 0.5375,
        "P_S": 0.4141097424412094
      },
      "iterations": 4,
      "accuracy": 0.5842162162162162,
      "log_likelihood": -0.6787336508946934,
      "data_points": 4625
    },
    "15": {
      "parameters": {
        "P_L0": 0.17633735979292495,
        "P_T": 0.99,
        "P_G": 0.45625,
        "P_S": 0.4075067024128686
      },
      "iterations": 4,
      "accuracy": 0.5908110440034513,
      "log_likelihood": -0.6764157993341299,
      "data_points": 4636
    },
    "17": {
      "parameters": {
        "P_L0": 0.17295302013422797,
        "P_T": 0.99,
        "P_G": 0.5092592592592593,
        "P_S": 0.4182344428364689
      },
      "iterations": 3,
      "accuracy": 0.5765100671140939,
      "log_likelihood": -0.6806881297601027,
      "data_points": 1490
    },
    "20": {
      "parameters": {
        "P_L0": 0.17172941927249522,
        "P_T": 0.99,
        "P_G": 0.4722222222222222,
        "P_S": 0.4201507882111035
      },
      "iterations": 3,
      "accuracy": 0.576260370134014,
      "log_likelihood": -0.6811338353245608,
      "data_points": 1567
    },
    "21": {
      "parameters": {
        "P_L0": 0.16664528543938423,
        "P_T": 0.99,
        "P_G": 0.4444444444444444,
        "P_S": 0.43625086147484493
      },
      "iterations": 3,
      "accuracy": 0.563181526619628,
      "log_likelihood": -0.6851698044614105,
      "data_points": 1559
    },
    "22": {
      "parameters": {
        "P_L0": 0.17217898832684828,
        "P_T": 0.99,
        "P_G": 0.5555555555555556,
        "P_S": 0.4246861924686193
      },
      "iterations": 3,
      "accuracy": 0.5739299610894941,
      "log_likelihood": -0.682121974467087,
      "data_points": 1542
    },
    "23": {
      "parameters": {
        "P_L0": 0.1779282329045364,
        "P_T": 0.99,
        "P_G": 0.5648148148148148,
        "P_S": 0.40467494521548575
      },
      "iterations": 3,
      "accuracy": 0.5930941096817874,
      "log_likelihood": -0.6755839707999953,
      "data_points": 1477
    },
    "26": {
      "parameters": {
        "P_L0": 0.1723242558581381,
        "P_T": 0.99,
        "P_G": 0.49107142857142855,
        "P_S": 0.41922290388548056
      },
      "iterations": 3,
      "accuracy": 0.5744141861937936,
      "log_likelihood": -0.6809777756463619,
      "data_points": 1579
    },
    "27": {
      "parameters": {
        "P_L0": 0.17914338919925515,
        "P_T": 0.99,
        "P_G": 0.5089285714285714,
        "P_S": 0.3962641761174116
      },
      "iterations": 3,
      "accuracy": 0.5971446306641838,
      "log_likelihood": -0.6729903285564088,
      "data_points": 1611
    },
    "28": {
      "parameters": {
        "P_L0": 0.1771246006389777,
        "P_T": 0.99,
        "P_G": 0.5535714285714286,
        "P_S": 0.40674466620784583
      },
      "iterations": 3,
      "accuracy": 0.5904153354632588,
      "log_likelihood": -0.6764868625787323,
      "data_points": 1565
    },
    "29": {
      "parameters": {
        "P_L0": 0.1743932038834952,
        "P_T": 0.99,
        "P_G": 0.49107142857142855,
        "P_S": 0.412109375
      },
      "iterations": 3,
      "accuracy": 0.5813106796116505,
      "log_likelihood": -0.6786940982241326,
      "data_points": 1648
    },
    "30": {
      "parameters": {
        "P_L0": 0.1695322376738306,
        "P_T": 0.99,
        "P_G": 0.41964285714285715,
        "P_S": 0.4238095238095238
      },
      "iterations": 4,
      "accuracy": 0.5764854614412137,
      "log_likelihood": -0.6814678583096551,
      "data_points": 1582
    },
    "16": {
      "parameters": {
        "P_L0": 0.17047244094488181,
        "P_T": 0.99,
        "P_G": 0.5185185185185185,
        "P_S": 0.4279661016949153
      },
      "iterations": 3,
      "accuracy": 0.568241469816273,
      "log_likelihood": -0.6834247828734452,
      "data_points": 1524
    },
    "18": {
      "parameters": {
        "P_L0": 0.16762928139691044,
        "P_T": 0.99,
        "P_G": 0.4074074074074074,